{
        "USDAED": 3.673042,
        "USDAFN": 78.250404,
        "USDALL": 110.103989,
        "USDAMD": 476.130403,
        "USDANG": 1.76535,
        "USDAOA": 367.423504,
        "USDARS": 56.693041,
        "USDAUD": 1.47735,
        "USDAWG": 1.8,
        "USDAZN": 1.705041,
        "USDBAM": 1.771404,
        "USDBBD": 2.02,
        "USDBDT": 84.520401,
        "USDBGN": 1.775104,
        "USDBHD": 0.376995,
        "USDBIF": 1860,
        "USDBMD": 1,
        "USDBND": 1.35065,
        "USDBOB": 6.91365,
        "USDBRL": 4.147204,
        "USDBSD": 0.99995,
        "USDBTC": 0.00009864256,
        "USDBTN": 70.864041,
        "USDBWP": 10.869041,
        "USDBYN": 2.040304,
        "USDBYR": 19600,
        "USDBZD": 2.016104,
        "USDCAD": 1.326055,
        "USDCDF": 1665.000362,
        "USDCHF": 0.990904,
        "USDCLF": 0.026011,
        "USDCLP": 717.705041,
        "USDCNY": 7.091604,
        "USDCOP": 3405.75,
        "USDCRC": 579.580395,
        "USDCUC": 1,
        "USDCUP": 26.5,
        "USDCVE": 99.852504,
        "USDCZK": 23.473104,
        "USDDJF": 177.720394,
        "USDDKK": 6.777804,
        "USDDOP": 51.470393,
        "USDDZD": 120.150393,
        "USDEGP": 16.317504,
        "USDERN": 15.000358,
        "USDETB": 29.503876,
        "USDEUR": 0.907855,
        "USDFJD": 2.18204,
        "USDFKP": 0.797905,
        "USDGBP": 0.801895,
        "USDGEL": 2.96504,
        "USDGGP": 0.801814,
        "USDGHS": 5.50504,
        "USDGIP": 0.797905,
        "USDGMD": 50.39504,
        "USDGNF": 9230.000355,
        "USDGTQ": 7.70905,
        "USDGYD": 208.61504,
        "USDHKD": 7.83815,
        "USDHNL": 24.67504,
        "USDHRK": 6.716504,
        "USDHTG": 95.653504,
        "USDHUF": 302.870388,
        "USDIDR": 14105.3,
        "USDILS": 3.52195,
        "USDIMP": 0.801814,
        "USDINR": 71.197204,
        "USDIQD": 1190,
        "USDIRR": 42105.000352,
        "USDISK": 124.510386,
        "USDJEP": 0.801814,
        "USDJMD": 136.130386,
        "USDJOD": 0.70904,
        "USDJPY": 107.55604,
        "USDKES": 103.660385,
        "USDKGS": 69.831704,
        "USDKHR": 4110.000351,
        "USDKMF": 447.375039,
        "USDKPW": 899.178065,
        "USDKRW": 1194.130384,
        "USDKWD": 0.303704,
        "USDKYD": 0.833535,
        "USDKZT": 387.660383,
        "USDLAK": 8815.000349,
        "USDLBP": 1511.150382,
        "USDLKR": 181.190382,
        "USDLRD": 208.625039,
        "USDLSL": 14.730382,
        "USDLTL": 2.95274,
        "USDLVL": 0.60489,
        "USDLYD": 1.405039,
        "USDMAD": 9.683204,
        "USDMDL": 17.653504,
        "USDMGA": 3750.000347,
        "USDMKD": 55.805504,
        "USDMMK": 1532.85038,
        "USDMNT": 2655.5,
        "USDMOP": 8.06985,
        "USDMRO": 357.000346,
        "USDMUR": 36.269039,
        "USDMVR": 15.403741,
        "USDMWK": 720.035039,
        "USDMXN": 19.450804,
        "USDMYR": 4.175504,
        "USDMZN": 61.785039,
        "USDNAD": 14.730377,
        "USDNGN": 360.503727,
        "USDNIO": 33.580377,
        "USDNOK": 9.04425,
        "USDNPR": 113.380376,
        "USDNZD": 1.598039,
        "USDOMR": 0.38501,
        "USDPAB": 1.00025,
        "USDPEN": 3.359504,
        "USDPGK": 3.385039,
        "USDPHP": 52.130504,
        "USDPKR": 156.150375,
        "USDPLN": 3.96995,
        "USDPYG": 6381.250374,
        "USDQAR": 3.641038,
        "USDRON": 4.311704,
        "USDRSD": 106.705038,
        "USDRUB": 64.013804,
        "USDRWF": 922.5,
        "USDSAR": 3.750904,
        "USDSBD": 8.275904,
        "USDSCR": 13.70368,
        "USDSDG": 45.114504,
        "USDSEK": 9.726575,
        "USDSGD": 1.376704,
        "USDSHP": 1.320904,
        "USDSLL": 9400.000339,
        "USDSOS": 580.000338,
        "USDSRD": 7.458038,
        "USDSTD": 21560.79,
        "USDSVC": 8.75195,
        "USDSYP": 515.000338,
        "USDSZL": 14.73037,
        "USDTHB": 30.484504,
        "USDTJS": 9.69205,
        "USDTMT": 3.51,
        "USDTND": 2.865604,
        "USDTOP": 2.323804,
        "USDTRY": 5.743904,
        "USDTTD": 6.77345,
        "USDTWD": 31.001038,
        "USDTZS": 2298.203635,
        "USDUAH": 24.417038,
        "USDUGX": 3674.150367,
        "USDUSD": 1,
        "USDUYU": 36.750367,
        "USDUZS": 9410.000335,
        "USDVEF": 9.987504,
        "USDVND": 23208.5,
        "USDVUV": 115.980003,
        "USDWST": 2.725538,
        "USDXAF": 594.120365,
        "USDXAG": 0.055667,
        "USDXAU": 0.000659,
        "USDXCD": 2.70255,
        "USDXDR": 0.729485,
        "USDXOF": 600.503602,
        "USDXPF": 108.750364,
        "USDYER": 250.303597,
        "USDZAR": 14.922604,
        "USDZMK": 9001.203593,
        "USDZMW": 13.213037,
        "USDZWL": 322.000001
}
